Title,Link,Image,Author,Date,Description,Fake News
Deepfake Video Of S Jaishankar Promoting Dubious Investment Platform Goes Viral,https://newschecker.in/ai-deepfake/deepfake-video-of-s-jaishankar-promoting-dubious-investment-platform-goes-viral,https://newschecker.dietpixels.net/2025/03/Kushel-One-Rating-Article-Thumbnails-New-Brand-26.jpg?quality=71&format=webp&w=1920,Kushel Madhusoodan,"March 26, 2025","Viral video found to be a deepfake, platform found to be untrustworthy.",TRUE
AI Generated Photos Of Kareena Kapoor And Sonakshi Sinha In Hijab Shared As Real,https://newschecker.in/ai-deepfake/ai-generated-photos-of-kareena-kapoor-and-sonakshi-sinha-in-hijab-shared-as-real,https://newschecker.dietpixels.net/2025/03/Rating-2025-03-26T124922.939.jpg?quality=71&format=webp&w=1920,Vasudha Beri,"March 26, 2025","A set of two photographs allegedly showing Bollywood actors Kareena Kapoor and Sonakshi Sinha in Hijab has surfaced on social media platforms. Newschecker, h...",FALSE
"Do These Photos Show KL Rahul & Athiya Shetty With Newborn Daughter? No, Viral Images Are AI-Generated",https://newschecker.in/ai-deepfake/do-these-photos-show-kl-rahul-athiya-shetty-with-newborn-daughter-no-viral-images-are-ai-generated,https://newschecker.dietpixels.net/2025/03/Kushel-One-Rating-Article-Thumbnails-New-Brand-1-3.jpg?quality=71&format=webp&w=1920,Kushel Madhusoodan,"March 26, 2025",Photos of star Indian cricketer KL Rahul and actor Athiya Shetty with their baby girl at the hospital.,FALSE
Viral Video Does Not Show Blast At Pakistan Army Headquarters,https://newschecker.in/fact-check/viral-video-does-not-show-blast-at-pakistan-army-headquarters,https://newschecker.dietpixels.net/2025/03/Rating-2025-03-25T152043.215.jpg?quality=71&format=webp&w=1920,Vasudha Beri,"March 25, 2025","Several social media user shared a video claiming to show a massive blast at Pakistan army headquarters. Newschecker, however, found the claim to be untrue...",FALSE
IPL 2025: Viral Photo Of CSK Fan Holding Placard Abusing Aurangzeb Is Altered,https://newschecker.in/fact-check/ipl-2025-viral-photo-of-csk-fan-holding-placard-abusing-aurangzeb-is-altered,https://newschecker.dietpixels.net/2025/03/Rating-2025-03-25T143235.113.jpg?quality=71&format=webp&w=1920,Vasudha Beri,"March 25, 2025","Several social media users posted a photo claiming to show a CSK fan holding placard abusing Aurangzeb. Newschecker, however, found that the photo was edited...",FALSE
Viral Photo Claiming To Show Annamalai Holding ‘Go Back Grok’ Placard Is Edited,https://newschecker.in/fact-check/viral-photo-claiming-to-show-annamalai-holding-go-back-grok-placard-is-edited,https://newschecker.dietpixels.net/2025/03/Rating-2025-03-25T133217.745.jpg?quality=71&format=webp&w=1920,Vasudha Beri,"March 25, 2025","Several social media users shared a photo claiming to show Tamil BJP Chief Annamalai holding ‘Go Back Grok’ placard amid X-Centre row. Newschecker, however...",FALSE
AI-Edited Photo Of Gaza Woman Hugging Skeletal Remains Of Son Shared As Real,https://newschecker.in/fact-check/ai-edited-photo-of-gaza-woman-hugging-skeletal-remains-of-son-shared-as-real,https://newschecker.dietpixels.net/2025/03/Kushel-One-Rating-Article-Thumbnails-New-Brand-25.jpg?quality=71&format=webp&w=1920,Kushel Madhusoodan,"March 25, 2025","A woman in Gaza hugging the remains of her son found amidst the rubble of her home devastated by an Israeli attack, after a year-long search.",FALSE
Fact Check: Woman Dancing in Viral Video Is Not Meerut Murder Accused Muskan Rastogi,https://newschecker.in/fact-check/viral-dance-video-does-not-feature-meerut-murder-accused-muskan-rastogi,https://newschecker.dietpixels.net/2025/03/Rating-2025-03-24T162553.249.jpg?quality=71&format=webp&w=1920,Runjay Kumar,"March 24, 2025","Several social media users shared a video allegedly showing Meerut murder accused Muskan Rastogi performing an obscene dance. Newschecker, however, found the...",FALSE
2013 Video Of Sunita Williams Speaking About Bhagwad Gita Shared As Press Conference After Return From Space,https://newschecker.in/fact-check/2013-video-of-sunita-williams-speaking-about-bhagwad-gita-upanishads-shared-as-her-press-conference-after-return-from-space,https://newschecker.dietpixels.net/2025/03/Kushel-One-Rating-Article-Thumbnails-New-Brand-24.jpg?quality=71&format=webp&w=1920,Kushel Madhusoodan,"March 24, 2025",Indian-origin NASA astronaut Sunita Williams at a press conference credits the Bhagwad Gita and the Upanishads for her safe return from her 9-month mission in,FALSE
"Weekly Wrap: Misinformation On Sunita Williams, Nagpur Violence & More",https://newschecker.in/fact-check/weekly-wrap-misinformation-on-sunita-williams-nagpur-violence-more,https://newschecker.dietpixels.net/2025/03/Rating-2025-03-22T143750.958.jpg?quality=71&format=webp&w=1920,Newschecker Team,"March 22, 2025",From an unrelated video being shared to show NASA astronaut Sunita Williams celebrating after safely returning to Earth on March 19 to misinformation around...,FALSE
Deepfake Video Of Anant Ambani Promoting Gaming App Goes Viral,https://newschecker.in/ai-deepfake/deepfake-video-of-anant-ambani-promoting-gaming-app-goes-viral,https://newschecker.dietpixels.net/2025/03/Rating-2025-03-21T162115.381.jpg?quality=71&format=webp&w=1920,Vasudha Beri,"March 21, 2025","A video allegedly showing Anant Ambani promoting gaming app called 'Avi by Ambani' has surfaced on social media. Newschecker, however, found that the video...",TRUE
Are These ‘Kumbh From Space’ Photos Taken By Sunita Williams? Here’s A Fact-Check,https://newschecker.in/fact-check/are-these-kumbh-from-space-photos-taken-by-sunita-williams-heres-a-fact-check,https://newschecker.dietpixels.net/2025/03/Kushel-One-Rating-Article-Thumbnails-New-Brand-23.jpg?quality=71&format=webp&w=1920,Kushel Madhusoodan,"March 21, 2025",“NASA astronaut Sunita Williams' sister-in-law Falguni Pandya said she was shown a photo of the Mahakumbh from the International Space Station (ISS). In an,FALSE
Viral Photo Does Not Show ‘Fresh-Faced’ Sunita Williams and Butch Wilmore After Their Return To Earth,https://newschecker.in/fact-check/viral-photo-does-not-show-fresh-faced-sunita-williams-and-butch-wilmore-after-their-return-to-earth,https://newschecker.dietpixels.net/2025/03/Rating-2025-03-21T134101.203.jpg?quality=71&format=webp&w=1920,Vasudha Beri,"March 21, 2025",Several social media users shared a photograph alleging to show NASA astronauts Sunita Williams and Butch Wilmore “fresh-faced and smiling” while exiting the...,FALSE
Viral Photo Claiming To Show Canadian PM & Tom Hanks On Epstein Island Is AI-Generated,https://newschecker.in/ai-deepfake/viral-photo-claiming-to-show-canadian-pm-tom-hanks-on-epstein-island-is-ai-generated,https://newschecker.dietpixels.net/2025/03/Kushel-One-Rating-Article-Thumbnails-New-Brand-22.jpg?quality=71&format=webp&w=1920,Kushel Madhusoodan,"March 20, 2025","Canadian PM Mark Carney photographed with Ghislaine Maxwell, convicted of aiding sex offender Jeffrey Epstein, and actor Tom Hanks, on the infamous Epstein",FALSE
Viral Video Does Not Show Hindus In Nagpur Announcing A ‘Boycott’ Of Muslims,https://newschecker.in/fact-check/viral-video-does-not-show-hindus-in-nagpur-announcing-a-boycott-of-muslims,https://newschecker.dietpixels.net/2025/03/Rating-2025-03-20T142948.144.jpg?quality=71&format=webp&w=1920,Vasudha Beri,"March 20, 2025","A video allegedly showing a ""decision” by the Hindus in Nagpur to boycott the Muslim community members following the recent communal clashes in the city, has...",FALSE
2024 Video Of Sunita Williams’ Arrival At ISS Shared As Her Celebration After Returning To Earth,https://newschecker.in/fact-check/2024-video-of-sunita-williams-arrival-at-iss-shared-as-her-celebration-after-returning-to-earth,https://newschecker.dietpixels.net/2025/03/Kushel-One-Rating-Article-Thumbnails-New-Brand-21.jpg?quality=71&format=webp&w=1920,Kushel Madhusoodan,"March 20, 2025","Indian-origin NASA astronaut Sunita Williams celebrates after safely returning to Earth on March 19 following an unexpected 9-month mission, the longest-ever",FALSE
Old Video From MP Shared To Claim Police Assaulting Muslims in Nagpur,https://newschecker.in/fact-check/old-video-from-mp-shared-to-claim-police-assaulting-muslims-in-nagpur,https://newschecker.dietpixels.net/2025/03/Rating-2025-03-19T184535.568.jpg?quality=71&format=webp&w=1920,Vasudha Beri,"March 19, 2025","A video claiming to show police personnel thrashing Muslims in Nagpur has surfaced on social media. Newschecker, however, found the claim to be untrue...",FALSE
Viral Photo Claiming To Show Sunita Williams With Donald Trump & Elon Musk Is AI-Generated,https://newschecker.in/ai-deepfake/viral-photo-claiming-to-show-sunita-williams-with-donald-trump-elon-musk-is-ai-generated,https://newschecker.dietpixels.net/2025/03/Kushel-One-Rating-Article-Thumbnails-New-Brand-20.jpg?quality=71&format=webp&w=1920,Kushel Madhusoodan,"March 19, 2025",Photo of Indian-origin NASA astronaut Sunita Williams and her colleague Butch Wilmore with US President Donald Trump and SpaceX founder Elon Musk. The,FALSE
Nagpur Violence: Old Video Of Protest Against Attacks On Hindus In Bangladesh Shared As Recent,https://newschecker.in/fact-check/nagpur-violence-old-video-of-protest-against-attacks-on-hindus-in-bangladesh-shared-as-recent,https://newschecker.dietpixels.net/2025/03/Rating-2025-03-19T130753.930.jpg?quality=71&format=webp&w=1920,Vasudha Beri,"March 19, 2025","Several social media users shared a video showing a massive gathering wielding saffron flags, linking it to the recent Nagpur violence. Newschecker, however...",FALSE
Natural Intelligence Outsmarts AI? Viral Video Claiming To Show Robot Being Fooled By Human Is Edited,https://newschecker.in/ai-deepfake/natural-intelligence-outsmarts-ai-viral-video-claiming-to-show-robot-being-fooled-by-human-is-edited,https://newschecker.dietpixels.net/2025/03/Kushel-One-Rating-Article-Thumbnails-New-Brand-1-2.jpg?quality=71&format=webp&w=1920,Kushel Madhusoodan,"March 19, 2025",An 18-second amusing video claiming to show a humanoid robot being fooled by a woman who steals its carry bag is doing the rounds of social media with users,FALSE
Viral Photos Of Nita Ambani Giving Bugatti To Rohit Sharma Are AI Generated,https://newschecker.in/ai-deepfake/viral-photos-of-nita-ambani-giving-bugatti-to-rohit-sharma-are-ai-generated,https://newschecker.dietpixels.net/2025/03/Rating-2025-03-18T173807.786.jpg?quality=71&format=webp&w=1920,Vasudha Beri,"March 18, 2025",Several social media users shared images allegedly showing Nita Ambani giving Bugatti to Rohit Sharma after Indian team won the ICC Champions Trophy. Newsch...,FALSE
"Muslim Cleric Appointed As UK’s Education Minister? No, Viral Claim Is Misleading",https://newschecker.in/fact-check/muslim-cleric-appointed-as-uks-education-minister-no-viral-claim-is-misleading,https://newschecker.dietpixels.net/2025/03/Kushel-One-Rating-Article-Thumbnails-New-Brand-19.jpg?quality=71&format=webp&w=1920,Kushel Madhusoodan,"March 18, 2025","The current education secretary in England is Bridget Phillipson; Patel has been appointed as the interim chief of schools’ watchdog Ofsted, which works with the Department for Education.",TRUE
Holi Celebrations In China? Here’s The Truth Behind Viral Video,https://newschecker.in/fact-check/holi-celebrations-in-china-heres-the-truth-behind-viral-video,https://newschecker.dietpixels.net/2025/03/Rating-2025-03-17T171914.165.jpg?quality=71&format=webp&w=1920,Vasudha Beri,"March 17, 2025","Several social media user shared a 30-second-long-video claiming to show the Holi celebrations in China. Newschecker, however, found the claim to be untrue...",FALSE
"Muslim Man Killed By Hindus In Rajasthan For Not Playing Holi? No, Video Shared With False Claim",https://newschecker.in/fact-check/muslim-man-killed-by-hindus-in-rajasthan-for-not-playing-holi-no-video-shared-with-false-claim,https://newschecker.dietpixels.net/2025/03/Rating-2025-03-17T165031.876.jpg?quality=71&format=webp&w=1920,Vasudha Beri,"March 17, 2025","Several social media users shared a video claiming to show a Muslim man killed by Hindus in Rajasthan for refusing to play Holi. Newschecker, however, found...",TRUE
Viral Photo Claiming To Show Elon Musk With Daughter Who Beat Cancer Is AI-Generated,https://newschecker.in/ai-deepfake/viral-photo-claiming-to-show-elon-musk-with-daughter-who-beat-cancer-is-ai-generated,https://newschecker.dietpixels.net/2025/03/Kushel-One-Rating-Article-Thumbnails-New-Brand-18.jpg?quality=71&format=webp&w=1920,Kushel Madhusoodan,"March 17, 2025",Photo of billionaire Elon Musk with his daughter after her successful five-year battle against cancer.,FALSE
Viral Video of PM Narendra Modi Wearing Skull Cap And Praying Is AI-Generated,https://newschecker.in/ai-deepfake/viral-video-of-pm-narendra-modi-wearing-skull-cap-and-praying-is-ai-generated,https://newschecker.dietpixels.net/2025/03/Kushel-One-Rating-Article-Thumbnails-New-Brand-17.jpg?quality=71&format=webp&w=1920,Kushel Madhusoodan,"March 17, 2025","Video showing Prime Minister Narendra Modi wearing a skull cap and praying during the holy Islamic month of Ramadan, along with an audio of PM Modi praying to",FALSE
"Weekly Wrap: Misinformation On Pakistan Train Hijack, 2025 Champions Trophy & More",https://newschecker.in/fact-check/weekly-wrap-misinformation-on-pakistan-train-hijack-2025-champions-trophy-more,https://newschecker.dietpixels.net/2025/03/Rating-2025-03-15T154150.490.jpg?quality=71&format=webp&w=1920,Newschecker Team,"March 15, 2025",From misinformation around the hijacking of the Jaffar Express in Pakistan by the Balochistan Liberation Army to false...,TRUE
"Was PM Modi Mocked During Mauritius Visit With Song On Inflation? No, Viral Video Is Edited",https://newschecker.in/fact-check/was-pm-modi-mocked-during-mauritius-visit-with-song-on-inflation-no-viral-video-is-edited,https://newschecker.dietpixels.net/2025/03/Rating-2025-03-13T182440.236.jpg?quality=71&format=webp&w=1920,Vasudha Beri,"March 13, 2025",Several social media users shared a video alleging that Prime Minister Narendra Modi was mocked during his recent Mauritius visit with song on inflation. New...,FALSE
Palestine Removed From Google Maps? Here’s The Truth Behind Viral Claim,https://newschecker.in/fact-check/palestine-removed-from-google-maps-heres-the-truth-behind-viral-claim,https://newschecker.dietpixels.net/2025/03/Kushel-One-Rating-Article-Thumbnails-New-Brand-16.jpg?quality=71&format=webp&w=1920,Kushel Madhusoodan,"March 13, 2025",Google has removed Palestine in its latest update of Google Maps.,FALSE
Video Of Fire In Karachi Falsely Linked To Pakistan Train Hijack,https://newschecker.in/fact-check/video-of-fire-in-karachi-falsely-linked-to-pakistan-train-hijack,https://newschecker.dietpixels.net/2025/03/Rating-2025-03-12T182418.578.jpg?quality=71&format=webp&w=1920,Vasudha Beri,"March 12, 2025","Several social media users a video of massive smoke billowing over an area engulfed in fire linking it to the Pakistan train hijack. Newschecker, however, f...",TRUE
Pakistan Train Hijack: Viral Video Message By BLA Threatening China Is Old,https://newschecker.in/fact-check/pakistan-train-hijack-viral-video-message-by-bla-threatening-china-is-old,https://newschecker.dietpixels.net/2025/03/Rating-2025-03-12T153021.900.jpg?quality=71&format=webp&w=1920,Vasudha Beri,"March 12, 2025","Several social media users shared a video allegedly showing a statement by the BLA following the recent Pakistan train hijack. Newschecker, however, found th...",FALSE
2022 Video Of BLA Attack Goes Viral As Pakistan Train Hijack,https://newschecker.in/fact-check/2022-video-of-bla-attack-goes-viral-as-pakistan-train-hijack,https://newschecker.dietpixels.net/2025/03/Kushel-One-Rating-Article-Thumbnails-New-Brand-15.jpg?quality=71&format=webp&w=1920,Kushel Madhusoodan,"March 12, 2025","A 59-second video of multiple explosions near a train has gone viral on social media, claiming to show the hijacking of the Jaffar Express in Pakistan by the",FALSE
Deepfake Video Of Mia Khalifa Calling Hardik Pandya Her Favourite Cricketer Goes Viral,https://newschecker.in/ai-deepfake/deepfake-video-of-mia-khalifa-calling-hardik-pandya-her-favourite-cricketer-goes-viral,https://newschecker.dietpixels.net/2025/03/Kushel-One-Rating-Article-Thumbnails-New-Brand-12.jpg?quality=71&format=webp&w=1920,Kushel Madhusoodan,"March 11, 2025",Former adult star Mia Khalifa says that Hardik Pandya is her favourite cricketer.,TRUE
Viral Video Of Shami Apologising For Breaking Ramadan Fast During Champions Trophy Is Edited,https://newschecker.in/ai-deepfake/viral-video-of-shami-apologising-for-breaking-ramadan-fast-during-champions-trophy-is-edited,https://newschecker.dietpixels.net/2025/03/Rating-2025-03-11T141622.839.jpg?quality=71&format=webp&w=1920,Vasudha Beri,"March 11, 2025",Several social media users shared a video claiming to show Indian pacer Mohammad Shami apologising for breaking Ramadan fast during the ICC Champions Troph...,FALSE
Video Claiming To Show Team India’s Grand Welcome At Dubai Hotel After Champions Trophy Win Is Old,https://newschecker.in/fact-check/2025-champions-trophy-old-video-shared-as-team-indias-grand-welcome-at-hotel-after-win-in-final,https://newschecker.dietpixels.net/2025/03/Kushel-One-Rating-Article-Thumbnails-New-Brand-11.jpg?quality=71&format=webp&w=1920,Kushel Madhusoodan,"March 11, 2025","Viral video dates back to March 2, 2025.",FALSE
2025 Champions Trophy: Here’s The Truth Behind Viral Videos Claiming To Show Celebrations In Afghanistan After India’s Win,https://newschecker.in/fact-check/2025-champions-trophy-heres-the-truth-behind-viral-videos-claiming-to-show-celebrations-in-afghanistan-after-indias-win,https://newschecker.dietpixels.net/2025/03/Rating-2025-03-10T160930.502.jpg?quality=71&format=webp&w=1920,Vasudha Beri,"March 10, 2025",Several social media users shared videos claiming to show massive celebrations in Afghanistan following India's win in the 2025 ICC Champions Trophy. Newsche...,FALSE
"Old, Unrelated Video Shared As Footage From Air India Flight Forced To Return To US Due To Clogged Toilets",https://newschecker.in/fact-check/old-unrelated-video-shared-as-footage-from-air-india-flight-forced-to-return-to-us-due-to-clogged-toilets,https://newschecker.dietpixels.net/2025/03/Kushel-One-Rating-Article-Thumbnails-New-Brand-10.jpg?quality=71&format=webp&w=1920,Kushel Madhusoodan,"March 10, 2025","Viral video dates back to January 6, 2025.",FALSE
"Weekly Wrap: Misinformation On 2025 Champions Trophy, Deepfake Of Donald Trump & More",https://newschecker.in/fact-check/weekly-wrap-misinformation-on-2025-champions-trophy-deepfake-of-donald-trump-more,https://newschecker.dietpixels.net/2025/03/Rating-2025-03-08T145510.071.jpg?quality=71&format=webp&w=1920,Newschecker Team,"March 8, 2025",From misinformation around the ICC Champions Trophy semi-final match between India and Australia to a deepfake...,TRUE
Viral Photo Of Pakistan Army Chief Asim Munir With PM Modi Is AI-Generated,https://newschecker.in/ai-deepfake/viral-photo-of-pakistan-army-chief-asim-munir-with-pm-modi-is-ai-generated,https://newschecker.dietpixels.net/2025/03/Rating-2025-03-08T130906.266.jpg?quality=71&format=webp&w=1920,Vasudha Beri,"March 8, 2025","Several social media user shared a photograph claiming to show Pakistan Army Chief Asim Munir with PM Modi. Newschecker, however, found the photo to be AI...",FALSE
Fake Transcript Of Fiery Trump-Zelenskyy Exchange In Oval Office Goes Viral,https://newschecker.in/fact-check/fake-transcript-of-fiery-trump-zelenskyy-exchange-in-oval-office-goes-viral,https://newschecker.dietpixels.net/2025/03/Kushel-One-Rating-Article-Thumbnails-New-Brand-9.jpg?quality=71&format=webp&w=1920,Kushel Madhusoodan,"March 8, 2025",Viral transcript found to be fabricated.,TRUE
Hashim Amla Scored Triple-Century While Fasting For Ramadan? Here’s The Truth Behind Viral Claim,https://newschecker.in/fact-check/hashim-amla-scored-triple-century-while-fasting-for-ramadan-heres-the-truth-behind-viral-claim,https://newschecker.dietpixels.net/2025/03/Rating-2025-03-07T154738.235.jpg?quality=71&format=webp&w=1920,Vasudha Beri,"March 7, 2025",Several social media users claimed that former South African cricketer Hashim Amla scored triple-century while fasting for Ramadan during a 2012 match again...,FALSE
Elon Musk’s Deepfake Videos on BJP-RSS Conspiracy in Arunachal Pradesh Debunked,https://newschecker.in/ai-deepfake/elon-musks-deepfake-videos-on-bjp-rss-conspiracy-in-arunachal-pradesh-debunked,https://newschecker.dietpixels.net/2025/03/Kushel-One-Rating-Article-Thumbnails-New-Brand-8.jpg?quality=71&format=webp&w=1920,Kushel Madhusoodan,"March 7, 2025",The videos circulating with this claim have been identified as deepfakes - they are AI-generated and not authentic.,TRUE
"Cow Urine Has Anti-Infective Properties, Can Cure Ailments? Here’s What The Experts Say About IIT-M Director’s Claims",https://newschecker.in/health-and-wellness/cow-urine-has-anti-infective-properties-can-cure-ailments-heres-what-the-experts-say-about-iit-m-directors-claims,https://newschecker.dietpixels.net/2025/03/Kushel-One-Rating-Article-Thumbnails-New-Brand-7.jpg?quality=71&format=webp&w=1920,Kushel Madhusoodan,"March 7, 2025","IIT-Madras (IIT-M) director V Kamakoti waded into a controversy in the beginning of the year when he praised the “medicinal value” of gomutra (cow urine),",FALSE
2025 Champions Trophy: Old Video Of Australian Fan Chanting ‘Bharat Mata Ki Jai’ Shared As Recent,https://newschecker.in/fact-check/2025-champions-trophy-old-video-of-australian-fan-chanting-bharat-mata-ki-jai-shared-as-recent,https://newschecker.dietpixels.net/2025/03/Rating-2025-03-06T135833.013.jpg?quality=71&format=webp&w=1920,Vasudha Beri,"March 6, 2025",Several social media users shared a video allegedly showing an Australian fan chanting 'Bharat Mata Ki Jai' and 'Vande Mataram' after his team lost the semi....,FALSE
Deepfake Video Of Trump Exposing RSS Plan To Instigate Ethnic Clashes In Arunachal Pradesh Shared As Real,https://newschecker.in/ai-deepfake/deepfake-video-of-trump-exposing-rss-plan-to-instigate-ethnic-clashes-in-arunachal-pradesh-shared-as-real,https://newschecker.dietpixels.net/2025/03/Kushel-One-Rating-Article-Thumbnails-New-Brand-6.jpg?quality=71&format=webp&w=1920,Kushel Madhusoodan,"March 6, 2025",Viral video found to be a deepfake.,TRUE
2025 Champions Trophy: Does This Video Show Fireworks At Dubai Stadium After India Entered Finals?,https://newschecker.in/fact-check/2025-champions-trophy-does-this-video-show-fireworks-at-dubai-stadium-after-india-entered-finals,https://newschecker.dietpixels.net/2025/03/Rating-2025-03-05T180848.117.jpg?quality=71&format=webp&w=1920,Vasudha Beri,"March 5, 2025",Several social media users shared a video claiming to show celebratory fireworks at Dubai stadium after the Indian cricket team defeated Australia in the sem...,FALSE
2025 Champions Trophy: AI-Generated Photos Of Virat Kohli With Anushka Sharma Go Viral,https://newschecker.in/ai-deepfake/india-beat-australia-at-champions-trophy-ai-generated-photos-of-virat-kohli-with-anushka-sharma-go-viral,https://newschecker.dietpixels.net/2025/03/Kushel-One-Rating-Article-Thumbnails-New-Brand-5.jpg?quality=71&format=webp&w=1920,Kushel Madhusoodan,"March 5, 2025",Photos of Virat Kohli and Anushka Sharma celebrating India’s victory over Australia in the Champions Trophy semi-final on March 4.,FALSE
2025 Champions Trophy: Photos Of Travis Head Breaking Down After Australia’s Loss To India Are AI Generated,https://newschecker.in/ai-deepfake/2025-champions-trophy-photos-of-travis-head-breaking-down-after-australias-loss-to-india-are-ai-generated,https://newschecker.dietpixels.net/2025/03/Rating-2025-03-05T130826.598.jpg?quality=71&format=webp&w=1920,Vasudha Beri,"March 5, 2025",Several social media users shared two photographs allegedly showing Travis Head breaking down after Australia lost the recent Champions Trophy semi-final mat...,FALSE
"‘No More Australian Team In This Competition’: Viral Rohit Sharma Quote Is From 2024 T20 World Cup, Not After 2025 Champions Trophy Semi-Final Win",https://newschecker.in/fact-check/no-more-australian-team-in-this-competition-viral-rohit-sharma-quote-is-from-2024-t20-world-cup-not-after-2025-champions-trophy-semi-final-win,https://newschecker.dietpixels.net/2025/03/Kushel-One-Rating-Article-Thumbnails-New-Brand-1-1.jpg?quality=71&format=webp&w=1920,Kushel Madhusoodan,"March 5, 2025",Rohit Sharma’s quote was from a pre-match press conference during the 2024 T20 World Cup.,FALSE
Old Video Of Rohit Sharma Revived Amid Row Over Shama Mohamed’s Remark On His Fitness,https://newschecker.in/fact-check/old-video-of-rohit-sharma-revived-amid-row-over-congress-leader-shama-mohameds-remark-on-his-fitness,https://newschecker.dietpixels.net/2025/03/Rating-2025-03-04T190139.222.jpg?quality=71&format=webp&w=1920,Vasudha Beri,"March 4, 2025","Amid the ongoing controversy over Congress leader Shama Mohamed’s remark on Rohit Sharma, an alleged video of the cricketer saying that is not affected by wh...",FALSE
Viral Photo Of Shreyas Iyer With Dhanashree Verma Is AI-Generated,https://newschecker.in/ai-deepfake/viral-photo-of-shreyas-iyer-with-dhanashree-verma-is-ai-generated,https://newschecker.dietpixels.net/2025/03/Kushel-One-Rating-Article-Thumbnails-New-Brand-4.jpg?quality=71&format=webp&w=1920,Kushel Madhusoodan,"March 4, 2025",Photo of Indian cricketer Shreyas Iyer with choreographer Dhanashree Verma at the beach.,FALSE
Viral Photos Of Zelenskyy In Suit Predate 2022 Russian Invasion Of Ukraine,https://newschecker.in/fact-check/viral-photos-of-zelenskyy-in-suit-predate-2022-russian-invasion-of-ukraine,https://newschecker.dietpixels.net/2025/03/Rating-2025-03-04T132644.935.jpg?quality=71&format=webp&w=1920,Vasudha Beri,"March 4, 2025","Several social media users are sharing Ukrainian President Volodymyr Zelenskyy in suit while meeting French President Emmanuel Macron, founder and executive...",FALSE
AI-Generated Image Of Students Holding #GetOutStalin Poster Goes Viral,https://newschecker.in/ai-deepfake/ai-generated-image-of-students-holding-getoutstalin-poster-goes-viral,https://newschecker.dietpixels.net/2025/03/Kushel-One-Rating-Article-Thumbnails-New-Brand-3.jpg?quality=71&format=webp&w=1920,Kushel Madhusoodan,"March 4, 2025","School students hold #GetOutStalin poster, protesting against Tamil Nadu chief minister MK Stalin.",FALSE
Deepfake Video Of Nirmala Sitharaman Endorsing Investment Project Goes Viral,https://newschecker.in/ai-deepfake/deepfake-video-of-nirmala-sitharaman-endorsing-investment-project-goes-viral,https://newschecker.dietpixels.net/2025/03/Kushel-One-Rating-Article-Thumbnails-New-Brand-2.jpg?quality=71&format=webp&w=1920,Kushel Madhusoodan,"March 3, 2025",Viral video found to be a deepfake.,TRUE
"Oscars 2025: Robert De Niro Swears At Trump? No, Viral Video Is From 2018 Tony Awards",https://newschecker.in/fact-check/oscars-2025-robert-de-niro-swears-at-trump-no-viral-video-is-from-2018-tony-awards,https://newschecker.dietpixels.net/2025/03/Kushel-One-Rating-Article-Thumbnails-New-Brand.jpg?quality=71&format=webp&w=1920,Kushel Madhusoodan,"March 3, 2025",81-year-old actor Robert De Niro swears at US president Donald Trump while presenting at the 97th Academy Awards in Los Angeles on March 2 (Sunday).,FALSE
"Weekly Wrap: Misinformation On India Vs Pak Champions Trophy Match, Mahakumbh & More",https://newschecker.in/fact-check/weekly-wrap-misinformation-on-india-vs-pak-champions-trophy-match-mahakumbh-more,https://newschecker.dietpixels.net/2025/03/Rating-2025-03-01T151203.967.jpg?quality=71&format=webp&w=1920,Newschecker Team,"March 1, 2025",From misinformation around the recent India vs Pakistan cricket match during the ICC Champions Trophy to false claims of newly elected Delhi Chief Rekha Gup...,TRUE
Satirical Deepfake Video Of Bill Clinton Talking About Epstein Client List Goes Viral,https://newschecker.in/ai-deepfake/satirical-deepfake-video-of-bill-clinton-talking-about-epstein-client-list-goes-viral,https://newschecker.dietpixels.net/2025/02/Kushel-One-Rating-Article-Thumbnails-New-Brand-25.jpg?quality=71&format=webp&w=1920,Kushel Madhusoodan,"February 28, 2025",Former US president Bill Clinton releases a video statement ahead of the release of Jeffrey Epstein’s flight logs and his contact list.,TRUE
Old Photo Shared As IAF’s Trishul Formation Over Mahakumbh Mela,https://newschecker.in/fact-check/old-photo-shared-as-iafs-trishul-formation-over-mahakumbh-mela,https://newschecker.dietpixels.net/2025/02/Rating-2025-02-28T151504.949-1.jpg?quality=71&format=webp&w=1920,Vasudha Beri,"February 28, 2025",Several social media users shared a photo claiming to show a Trishul formation over Mahakumbh Mela by the Indian Air Force jets to mark the Mahashivratri. Ne...,FALSE
Epstein Files Out: Bill And Hillary Clinton Flee US? Viral Photo Is From 2018,https://newschecker.in/fact-check/epstein-files-out-bill-and-hillary-clinton-flee-us-viral-photo-is-from-2018,https://newschecker.dietpixels.net/2025/02/Kushel-One-Rating-Article-Thumbnails-New-Brand-24.jpg?quality=71&format=webp&w=1920,Kushel Madhusoodan,"February 28, 2025","Former US president Bill Clinton and former secretary of state Hillary Clinton photographed leaving the country aboard a Delta Airlines flight, before the US",FALSE
"Viral Video Shows Babar Azam Being Heckled By Fans During Old Match Against Australia, Not Champions Trophy Clash With India",https://newschecker.in/fact-check/viral-video-shows-babar-azam-being-heckled-by-fans-during-old-match-against-australia-not-champions-trophy-clash-with-india,https://newschecker.dietpixels.net/2025/02/Kushel-One-Rating-Article-Thumbnails-New-Brand-1-4.jpg?quality=71&format=webp&w=1920,Kushel Madhusoodan,"February 27, 2025",Pakistani men’s cricket team player and former captain Babar Azam heckled by Pakistani fans during the 2025 ICC Champions Trophy clash against India in Dubai,FALSE
Fireworks in Varanasi Falsely Shared as “Iconic Celebrations” at Mahakumbh Conclusion,https://newschecker.in/fact-check/fireworks-in-varanasi-falsely-shared-as-iconic-celebrations-at-mahakumbh-conclusion,https://newschecker.dietpixels.net/2025/02/Rating-2025-02-27T175519.718.jpg?quality=71&format=webp&w=1920,Vasudha Beri,"February 27, 2025",A video claiming to show fireworks and laser shows at the Mahakumbh conclusion has been circulating on social media platforms like Facebook and X. Newscheck...,TRUE
"Mahakumbh 2025: Ajay Devgn, Preity Zinta & More- AI Generated Images Of Celebs Shared As Real",https://newschecker.in/ai-deepfake/mahakumbh-2025-ajay-devgn-preity-zinta-more-ai-generated-images-of-celebs-shared-as-real,https://newschecker.dietpixels.net/2025/02/Rating-2025-02-26T181108.366.jpg?quality=71&format=webp&w=1920,Vasudha Beri,"February 26, 2025","Several social media users shared AI generated images to show multiple Bollywood actors such as Ajay Devgn, Sanjay Dutt and Preity Zinta...",FALSE
"Video Of Pakistani Player’s Embarrassing Fielding Moment Is From 2024 Match With Australia, Not 2025 Champions Trophy Game Against India",https://newschecker.in/fact-check/video-of-pakistani-players-embarrassing-fielding-moment-is-from-2024-match-with-australia-not-2025-champions-trophy-game-against-india,https://newschecker.dietpixels.net/2025/02/Kushel-One-Rating-Article-Thumbnails-New-Brand-1-3.jpg?quality=71&format=webp&w=1920,Kushel Madhusoodan,"February 26, 2025",The incident is from a T20I between Australia and Pakistan in November 2024.,FALSE
Did US President Trump Avoid Greeting France’s Macron At White House Entrance?,https://newschecker.in/fact-check/did-us-president-trump-avoid-greeting-frances-macron-at-white-house-entrance,https://newschecker.dietpixels.net/2025/02/Rating-2025-02-25T203556.275.jpg?quality=71&format=webp&w=1920,Vasudha Beri,"February 25, 2025",Several social media users shared a video alleging that US President Trump avoided meeting his French counterpart Macron at the White House entrance during...,FALSE
"Rekha Gupta Buys Luxury Car After Assuming Delhi CM’s Office? No, False Claim Goes Viral",https://newschecker.in/fact-check/rekha-gupta-buys-luxury-car-after-assuming-delhi-cms-office-no-false-claim-goes-viral,https://newschecker.dietpixels.net/2025/02/Rating-2025-02-25T142027.427.jpg?quality=71&format=webp&w=1920,Vasudha Beri,"February 25, 2025","Several social media users claimed that newly elected Delhi CM Rekha Gupta bought a luxury car soon after assuming the office. Newschecker, however, found th...",TRUE
"Ganesh Aarti Played At Dubai Stadium To Celebrate India’s Win Over Pakistan? Video Is Edited, Combines Unrelated Clips",https://newschecker.in/fact-check/ganesh-aarti-played-at-dubai-stadium-to-celebrate-indias-win-over-pakistan-video-is-edited-combines-unrelated-clips,https://newschecker.dietpixels.net/2025/02/Kushel-One-Rating-Article-Thumbnails-New-Brand-23.jpg?quality=71&format=webp&w=1920,Kushel Madhusoodan,"February 25, 2025",Viral video found to be a combination of two unrelated clips from stadiums in India — the 50th anniversary celebrations at Mumbai’s Wankhede Stadium and the India-England ODI clash in Ahmedabad.,FALSE
2025 ICC Champions Trophy: This Video Does Not Show B’Luru Man Supporting Pakistan Over India In Recent Match,https://newschecker.in/fact-check/2025-icc-champions-trophy-this-video-does-not-show-bluru-man-supporting-pakistan-over-india-in-recent-match,https://newschecker.dietpixels.net/2025/02/Rating-2025-02-24T175920.853.jpg?quality=71&format=webp&w=1920,Vasudha Beri,"February 24, 2025",Several social media users shared a video claiming to show a Bengaluru man supporting Pakistan in match against India during the ICC Champions Trophy tour...,FALSE
AI-Generated Photo Of Virat Kohli With Family Goes Viral,https://newschecker.in/ai-deepfake/ai-generated-photo-of-virat-kohli-with-family-goes-viral,https://newschecker.dietpixels.net/2025/02/Kushel-One-Rating-Article-Thumbnails-New-Brand-22.jpg?quality=71&format=webp&w=1920,Kushel Madhusoodan,"February 24, 2025",Photo of Indian cricketer Virat Kohli with his family.  Kohli brought up his 51st ODI century as he guided India to a comprehensive win over Pakistan in,FALSE
"KGF Actor Yash At Mahakumbh Mela? No, Old Video From 2024 Viral With False Claim",https://newschecker.in/entertainment-fact-check/kgf-actor-yash-at-mahakumbh-mela-no-old-video-viral-with-false-claim,https://newschecker.dietpixels.net/2025/02/Rating-2025-02-24T141601.746.jpg?quality=71&format=webp&w=1920,Vasudha Beri,"February 24, 2025","Several social media users shared a video allegedly showing KGF star Yash at Mahakumbh Mela, which is currently underway in Prayagraj. Newschecker, however...",TRUE
Viral Photos Of Sonakshi Sinha In A Burkha Are AI-Generated,https://newschecker.in/ai-deepfake/viral-photos-of-sonakshi-sinha-in-a-burkha-are-ai-generated,https://newschecker.dietpixels.net/2025/02/Kushel-One-Rating-Article-Thumbnails-New-Brand-1-2.jpg?quality=71&format=webp&w=1920,Kushel Madhusoodan,"February 24, 2025","Photos of actor Sonakshi Sinha in a burkha with her husband, Zaheer Iqbal, purportedly from the India vs Pakistan Champions Trophy clash in Dubai on Sunday",FALSE
"Weekly Wrap: Misinformation On KIIT Suicide Case, Rekha Gupta & More",https://newschecker.in/fact-check/weekly-wrap-misinformation-on-kiit-suicide-case-rekha-gupta-more,https://newschecker.dietpixels.net/2025/02/Rating-2025-02-22T150831.281.jpg?quality=71&format=webp&w=1920,Newschecker Team,"February 22, 2025",From a Lucknow politician being falsely identified as the father of the accused in the KIIT suicide case to an unrelated video being shared as the newly ele...,TRUE
Photos of BJP leader From Ayodhya Falsely Shared As Father Of Accused In KIIT Suicide Case,https://newschecker.in/fact-check/photos-of-bjp-leader-from-ayodhya-falsely-shared-as-father-of-accused-in-kiit-suicide-case,https://newschecker.dietpixels.net/2025/02/Rating-2025-02-22T132817.413.jpg?quality=71&format=webp&w=1920,Vasudha Beri,"February 22, 2025","A set of photos allegedly showing the father of the accused in KIIT suicide case with prominent BJP leaders including PM Narendra Modi, and Uttar Pradesh CM...",TRUE
"2025 Champions Trophy: India, Bangladesh Players Get Into Fight After Match? Viral Video Is From 2020 U-19 World Cup",https://newschecker.in/fact-check/2025-champions-trophy-india-bangladesh-players-get-into-fight-after-match-viral-video-is-from-2020-u-19-world-cup,https://newschecker.dietpixels.net/2025/02/Kushel-One-Rating-Article-Thumbnails-New-Brand-21.jpg?quality=71&format=webp&w=1920,Kushel Madhusoodan,"February 22, 2025","India and Bangladesh men’s cricket team players clash on the field following their ICC Champions Trophy match on February 20, 2025, which India won by 6",FALSE
"ICC Champions Trophy: Rohit Sharma Arrives In Pakistan? No, Old Video From Maharashtra Viral With False Claim",https://newschecker.in/fact-check/icc-champions-trophy-rohit-sharma-arrives-in-pakistan-no-old-video-from-maharashtra-viral-with-false-claim,https://newschecker.dietpixels.net/2025/02/Kushel-One-Rating-Article-Thumbnails-New-Brand-20.jpg?quality=71&format=webp&w=1920,Kushel Madhusoodan,"February 21, 2025","India’s matches to be played in Dubai; video is from Maharashtra, where Sharma laid the foundation stone for a sports complex in October 2024.",TRUE
"Rekha Gupta Practising Sword Fight? No, Viral Video Does Not Feature Delhi CM",https://newschecker.in/fact-check/rekha-gupta-practising-sword-fight-no-viral-video-does-not-feature-delhi-cm,https://newschecker.dietpixels.net/2025/02/Rating-2025-02-21T140308.949.jpg?quality=71&format=webp&w=1920,Vasudha Beri,"February 21, 2025","Several social media users shared a video alleging it to show the newly elected Delhi CM Rekha Gupta practising sword fight. Newschecker, however, found the...",FALSE
Fake Indian Express Report On Neha Kakkar Promoting Investment Platform Goes Viral,https://newschecker.in/fact-check/fake-indian-express-report-on-neha-kakkar-promoting-investment-platform-goes-viral,https://newschecker.dietpixels.net/2025/02/Kushel-One-Rating-Article-Thumbnails-New-Brand-19.jpg?quality=71&format=webp&w=1920,Kushel Madhusoodan,"February 21, 2025",An Indian Express report stated that singer Neha Kakkar is under house arrest after revealing her massive earnings from an investment platform during an,TRUE
Viral Ayodhya Temple Video Debunked: Does Not Show Chhatrapati Shivaji Maharaj Jayanti Celebrations,https://newschecker.in/fact-check/viral-ayodhya-temple-video-debunked-does-not-show-chhatrapati-shivaji-maharaj-jayanti-celebrations,https://newschecker.dietpixels.net/2025/02/Rating-2025-02-20T172755.632.jpg?quality=71&format=webp&w=1920,Vasudha Beri,"February 20, 2025","Several social media users, including verified handles, shared a video claiming to show the Chhatrapati Shivaji Maharaj Jayanti celebrations at Ayodhya's....",TRUE
Cow Slaughter? Video Of Goat Sacrifice Tradition Near Madurai Meenakshi Temple Viral With False Communal Spin,https://newschecker.in/fact-check/cow-slaughter-video-of-goat-sacrifice-tradition-near-madurai-meenakshi-temple-viral-with-false-communal-spin,https://newschecker.dietpixels.net/2025/02/Kushel-One-Rating-Article-Thumbnails-New-Brand-1-1.jpg?quality=71&format=webp&w=1920,Vijayalakshmi Balasubramaniyan,"February 19, 2025","The Hindu shaman, Sivaraman, seen in the video, has confirmed that the video shows a long-standing tradition where he sacrifices a goat to feed devotees.",TRUE
KIIT Nepal Student Suicide: Viral Screenshot Misidentifies Lucknow Politician As Father Of Accused,https://newschecker.in/fact-check/kiit-nepal-student-suicide-viral-screenshot-misidentifies-lucknow-politician-as-father-of-accused,https://newschecker.dietpixels.net/2025/02/Kushel-One-Rating-Article-Thumbnails-New-Brand-18.jpg?quality=71&format=webp&w=1920,Kushel Madhusoodan,"February 18, 2025",Viral screenshot falsely claims to show father of accused student in KIIT Nepal student suicide case. ,TRUE
"Salman Khan Visits Mahakumbh Mela? No, Old Video Viral With False Claim",https://newschecker.in/entertainment-fact-check/salman-khan-visits-mahakumbh-mela-no-old-video-viral-with-false-claim,https://newschecker.dietpixels.net/2025/02/Rating-2025-02-18T163133.729.jpg?quality=71&format=webp&w=1920,Vasudha Beri,"February 18, 2025","Several social media users shared a video claiming to show Salman Khan visiting Mahakumbh Mela with Anant Ambani. Newschecker, however, found the claim to be...",TRUE
Old Images Of Partially Collapsed Buildings Falsely Linked To 2025 Delhi Quake,https://newschecker.in/fact-check/old-images-of-partially-collapsed-buildings-falsely-linked-to-2025-delhi-quake,https://newschecker.dietpixels.net/2025/02/Kushel-One-Rating-Article-Thumbnails-New-Brand-17.jpg?quality=71&format=webp&w=1920,Kushel Madhusoodan,"February 18, 2025",Photos of two partially collapsed multi-storey buildings following a magnitude 4.0 earthquake that hit Delhi and its adjoining areas on Monday (February 17).,TRUE
Old Video From Japan Falsely Linked To Recent Earthquake In Delhi,https://newschecker.in/fact-check/old-video-from-japan-falsely-linked-to-recent-earthquake-in-delhi,https://newschecker.dietpixels.net/2025/02/Rating-2025-02-18T154627.791.jpg?quality=71&format=webp&w=1920,Vasudha Beri,"February 17, 2025","Several social media users shared a video of water splashing out of a bathtub linking it to the recent earthquake in Delhi. Newschecker, however, found the c...",TRUE
New Delhi Railway Station Stampede: Old Video Of Ashwini Vaishnaw Getting Emotional Shared As Recent,https://newschecker.in/fact-check/new-delhi-railway-station-stampede-old-video-of-ashwini-vaishnaw-getting-emotional-shared-as-recent,https://newschecker.dietpixels.net/2025/02/Rating-2025-02-17T142056.793.jpg?quality=71&format=webp&w=1920,Vasudha Beri,"February 17, 2025",A video purportedly showing Railways Minister Ashwini Vaishnaw getting emotional over the recent New Delhi Railway Station stampede has surfaced on social me...,FALSE
"Video Of US Journalist Laughing At Indian-Origin Correspondent Is From 2020, Not Recent Trump-Modi Presser",https://newschecker.in/fact-check/video-of-us-journalist-laughing-at-indian-origin-correspondent-is-from-2020-not-recent-trump-modi-presser,https://newschecker.dietpixels.net/2025/02/Kushel-One-Rating-Article-Thumbnails-New-Brand-2-2.jpg?quality=71&format=webp&w=1920,Kushel Madhusoodan,"February 17, 2025","Viral video is from February 26, 2020, when Trump was addressing a press conference on the coronavirus outbreak.",FALSE
"Weekly Wrap: Misinformation On Delhi Elections, India’s Got Latent Controversy & More",https://newschecker.in/fact-check/weekly-wrap-misinformation-on-delhi-elections-indias-got-latent-controversy-more,https://newschecker.dietpixels.net/2025/02/Rating-2025-02-14T174522.910.jpg?quality=71&format=webp&w=1920,Newschecker Team,"February 15, 2025","From misinformation about the recently concluded Delhi Polls to false claims around the ongoing India's Got Latent controversy, read our top fact checks from...",TRUE
Viral Video Does Not Show Samay Raina ‘Apologising’ Over India’s Got Latent Controversy,https://newschecker.in/entertainment-fact-check/viral-video-does-not-show-samay-raina-apologising-over-indias-got-latent-controversy,https://newschecker.dietpixels.net/2025/02/Rating-2025-02-14T171513.457.jpg?quality=71&format=webp&w=1920,Vasudha Beri,"February 14, 2025",Several social media users shared a video allegedly showing Samay Raina 'apologising' amid the ongoing controversy over the show 'India's Got Latent.' Newsch...,FALSE
"Waqf Bill Passed In Rajya Sabha? No, Panel Report Tabled In Parliament, Triggers Uproar",https://newschecker.in/fact-check/waqf-bill-passed-in-rajya-sabha-no-panel-report-tabled-in-parliament-triggers-uproar,https://newschecker.dietpixels.net/2025/02/Kushel-One-Rating-Article-Thumbnails-New-Brand-16.jpg?quality=71&format=webp&w=1920,Kushel Madhusoodan,"February 14, 2025",Waqf (Amendment) Bill passed in the Rajya Sabha.,FALSE
"Mahakumbh Devotees Threw Slippers At Army? No, Video Viral With False Claim",https://newschecker.in/fact-check/mahakumbh-devotees-threw-slippers-at-army-no-video-viral-with-false-claim,https://newschecker.dietpixels.net/2025/02/Rating-2025-02-13T171321.926.jpg?quality=71&format=webp&w=1920,Vasudha Beri,"February 13, 2025","Several social media users, including verified handles, shared a video alleging that the Mahakumbh devotees threw slippers at army personnel. Newschecker, ho...",TRUE
Old News Flash On Kejriwal’s Deteriorating Health In Tihar Jail Viral After Delhi Poll Loss,https://newschecker.in/fact-check/old-news-flash-on-kejriwals-deteriorating-health-in-tihar-jail-viral-after-delhi-poll-loss,https://newschecker.dietpixels.net/2025/02/Kushel-One-Rating-Article-Thumbnails-New-Brand-15.jpg?quality=71&format=webp&w=1920,Kushel Madhusoodan,"February 13, 2025","AAP chief Arvind Kejriwal may slip into a coma, says senior leader Sanjay Singh, following the party’s loss in the recently concluded Delhi Assembly election",FALSE
Rashtrapati Bhavan Hosts Private Wedding For First Time Ever? Here’s The Truth Behind Viral Claim,https://newschecker.in/fact-check/rashtrapati-bhavan-hosts-private-wedding-for-first-time-ever-heres-the-truth-behind-viral-claim,https://newschecker.dietpixels.net/2025/02/Kushel-One-Rating-Article-Thumbnails-New-Brand-14.jpg?quality=71&format=webp&w=1920,Kushel Madhusoodan,"February 13, 2025","The Rashtrapati Bhavan hosted a wedding for the first time in its history on February 12, 2025, according to various social media posts and reports by leading",FALSE
Delhi Metro Fare Hiked After BJP’s Win? Here’s The Truth Behind Viral Claim,https://newschecker.in/fact-check/delhi-metro-fare-hiked-after-bjps-win-heres-the-truth-behind-viral-claim,https://newschecker.dietpixels.net/2025/02/Rating-2025-02-13T105018.419.jpg?quality=71&format=webp&w=1920,Vasudha Beri,"February 13, 2025",Delhi Metro fare has been hiked after BJP won the recently held assembly polls in the national capital.,FALSE
India’s Got Latent Controversy: Old Video Of Ranveer Allahbadia Crying Shared As Recent,https://newschecker.in/entertainment-fact-check/indias-got-latent-controversy-old-video-of-ranveer-allahbadia-crying-shared-as-recent,https://newschecker.dietpixels.net/2025/02/Rating-2025-02-12T171825.286.jpg?quality=71&format=webp&w=1920,Vasudha Beri,"February 12, 2025",Several social media users shared a video purportedly showing Ranveer Allahbadia crying following massive backlash over his controversial remarks in the show...,FALSE
2020 Video Of Oil Pipeline Fire In Egypt Falsely Linked To Mahakumbh Mela,https://newschecker.in/fact-check/2020-video-of-oil-pipeline-fire-in-egypt-falsely-linked-to-mahakumbh-mela,https://newschecker.dietpixels.net/2025/02/Kushel-One-Rating-Article-Thumbnails-New-Brand-13.jpg?quality=71&format=webp&w=1920,Kushel Madhusoodan,"February 12, 2025","A major fire broke out at a bus stand during the Mahakumbh Mela on February 9, 2025, gutting around 40 vehicles.",TRUE
Viral Video Of Lathi Charge On Shankaracharya Is From 2015,https://newschecker.in/fact-check/viral-video-of-lathi-charge-on-shankaracharya-is-from-2015,https://newschecker.dietpixels.net/2025/02/Rating-2025-02-11T144313.407.jpg?quality=71&format=webp&w=1920,Vasudha Beri,"February 11, 2025","Several social media users shared a video purportedly showing lathi charge on Shankaracharya Swami Avimukteshwaranand Saraswati. Newschecker, however, found...",FALSE
"Did Samay Raina Crack A ‘Rekha’ Joke To Amitabh Bachchan On KBC? No, Viral Video Is A Deepfake",https://newschecker.in/ai-deepfake/viral-video-of-samay-raina-cracking-a-rekha-joke-to-amitabh-bachchan-on-kbc-is-a-deepfake,https://newschecker.dietpixels.net/2025/02/Kushel-One-Rating-Article-Thumbnails-New-Brand-12.jpg?quality=71&format=webp&w=1920,Kushel Madhusoodan,"February 11, 2025","No such interaction on the episode, viral video found to be a deepfake.",TRUE
Viral Video Falsely Claims To Show Procession By AIMIM’s Tahir Hussain After Losing Delhi Polls,https://newschecker.in/election-watch/viral-video-does-does-not-show-procession-by-aimims-tahir-hussain-after-losing-delhi-polls,https://newschecker.dietpixels.net/2025/02/Rating-2025-02-11T094636.533.jpg?quality=71&format=webp&w=1920,Vasudha Beri,"February 11, 2025","Several social media shared a video claiming to show a massive procession by AIMIM's Tahir Hussain after losing the Delhi Polls. Newschecker, however, found....",TRUE
"Celebration After Delhi Election Results? No, Video Of Congress Leaders Dancing Viral With False Claim",https://newschecker.in/fact-check/celebration-after-delhi-election-results-no-video-of-congress-leaders-dancing-viral-with-false-claim,https://newschecker.dietpixels.net/2025/02/Kushel-One-Rating-Article-Thumbnails-New-Brand-11.jpg?quality=71&format=webp&w=1920,Runjay Kumar,"February 10, 2025",Video of Congress leaders dancing despite not winning a single seat in the recently concluded Delhi Assembly election.,TRUE
Fact Check: Guruvayur Temple Denies Claims of Gifting Baby Elephant To Tiruchendur Murugan Temple,https://newschecker.in/fact-check/guruvayur-temple-denies-claims-of-gifting-baby-elephant,https://newschecker.dietpixels.net/2025/02/elephant-thumpnail-3.png?quality=71&format=webp&w=1920,Sabloo Thomas,"February 10, 2025",A seemingly joyful and ‘dancing’ baby elephant gifted by Guruvayur temple to the Tiruchendur Murugan temple.,FALSE
Kejriwal Demanded Special Facilities For Muslim Voters? Fake Letter To ECI Goes Viral,https://newschecker.in/fact-check/kejriwal-demanded-special-facilities-for-muslim-voters-fake-letter-to-eci-goes-viral,https://newschecker.dietpixels.net/2025/02/Kushel-One-Rating-Article-Thumbnails-New-Brand-10.jpg?quality=71&format=webp&w=1920,Kushel Madhusoodan,"February 10, 2025","Letter by AAP convenor Arvind Kejriwal to the Election Commission of India, alleging discrimination against Muslim voters and demanding special facilities for",TRUE
"Weekly Wrap: Misinformation Around 2025 Delhi Polls, US Deportation Of Indian Migrants And More",https://newschecker.in/fact-check/weekly-wrap-misinformation-around-2025-delhi-polls-us-deportation-of-indian-migrants-and-more,https://newschecker.dietpixels.net/2025/02/Kushel-One-Rating-Article-Thumbnails-New-Brand-9.jpg?quality=71&format=webp&w=1920,Newschecker Team,"February 8, 2025",From misinformation around the crucial high-stakes election for Delhi’s 70 Assembly seats to the controversial deportation of over 100 illegal Indian,FALSE
"Did Rahul Gandhi Force Mallikarjun Kharge Out Of His Seat At Congress Event? No, Clipped Video Viral With False Claim",https://newschecker.in/fact-check/did-rahul-gandhi-force-mallikarjun-kharge-out-of-his-seat-at-congress-event-no-clipped-video-viral-with-false-claim,https://newschecker.dietpixels.net/2025/02/Kushel-One-Rating-Article-Thumbnails-New-Brand-8.jpg?quality=71&format=webp&w=1920,Ishwarachandra B G,"February 7, 2025",ClaimRahul Gandhi insults Mallikarjun Kharge by forcing him to get up from his chair during an event.,TRUE
AI-Generated Image Of Amitabh Bachchan With Rekha At Mahakumbh Goes Viral,https://newschecker.in/ai-deepfake/ai-generated-image-of-amitabh-bachchan-with-rekha-at-mahakumbh-goes-viral,https://newschecker.dietpixels.net/2025/02/Kushel-One-Rating-Article-Thumbnails-New-Brand-7.jpg?quality=71&format=webp&w=1920,Kushel Madhusoodan,"February 6, 2025",Actor Amitabh Bachchan and actress Rekha taking a holy dip at the Sangam during the ongoing Mahakumbh Mela in Prayagraj.,FALSE
Job Scam Alert: Fake Govt Organisation Runs Ads Using Rural Development Ministry’s Name,https://newschecker.in/fact-check/mass-recruitment-in-telangana-and-ap-by-national-rural-development-recreation-mission-viral-ad-calling-for-job-applications-is-a-scam,https://newschecker.dietpixels.net/2025/02/Kushel-One-Rating-Article-Thumbnails-New-Brand-6.jpg?quality=71&format=webp&w=1920,Kushel Madhusoodan,"February 6, 2025","No such organisation, ads found to be fake, seeking to extract money from unsuspecting job applicants.",TRUE
Viral ‘Report’ On Singer Shreya Ghoshal Endorsing An Investment Platform Is Fake,https://newschecker.in/fact-check/viral-report-on-singer-shreya-ghoshal-endorsing-an-investment-platform-is-fake,https://newschecker.dietpixels.net/2025/02/Rating-2025-02-05T183122.937.jpg?quality=71&format=webp&w=1920,Vasudha Beri,"February 5, 2025","An alleged news report on singer Shreya Ghoshal endorsing an investment platform has surfaced on social media. Newschecker, however, found that the alleged....",TRUE
2025 Delhi Election: Kejriwal Urges Voters To Pick Congress? Viral Video Is Old And Clipped,https://newschecker.in/fact-check/2025-delhi-election-kejriwal-urges-voters-to-pick-congress-viral-video-is-old-and-clipped,https://newschecker.dietpixels.net/2025/02/Kushel-One-Rating-Article-Thumbnails-New-Brand-5.jpg?quality=71&format=webp&w=1920,Kushel Madhusoodan,"February 5, 2025","Video is clipped from a 2017 Facebook Live by Kejriwal, ahead of the Punjab polls then, saying that BJP and Akali Dal are urging people to switch their votes to the Congress.",FALSE
Video From Barsana Shared To Show Crowd At Mahakumbh,https://newschecker.in/fact-check/mahakumbh-2025-video-from-barsana-shared-to-show-overcrowded-passage-in-prayagraj,https://newschecker.dietpixels.net/2025/02/Rating-2025-02-05T130539.747.jpg?quality=71&format=webp&w=1920,Vasudha Beri,"February 5, 2025",Several social media users shared a video allegedly showing an overcrowded passage in Prayagraj where the Mahakumbh mela is currently underway. Newschecke...,FALSE
"Viral Image Shows Guatemala-Bound Deportees On US Plane, Not Indian Migrants",https://newschecker.in/fact-check/viral-image-shows-guatemala-bound-deportees-on-us-plane-not-indian-migrants,https://newschecker.dietpixels.net/2025/02/Kushel-One-Rating-Article-Thumbnails-New-Brand-4.jpg?quality=71&format=webp&w=1920,Kushel Madhusoodan,"February 5, 2025",Image of Indian migrants being deported from the US.,FALSE
"Viral Photo Shows US Evacuation Flight Out Of Kabul In 2021, Not Plane Deporting Migrants From US",https://newschecker.in/fact-check/viral-photo-shows-us-evacuation-flight-out-of-kabul-in-2021-not-plane-deporting-migrants-from-us,https://newschecker.dietpixels.net/2025/02/Kushel-One-Rating-Article-Thumbnails-New-Brand-3.jpg?quality=71&format=webp&w=1920,Kushel Madhusoodan,"February 4, 2025",Illegal immigrants aboard a US military aircraft being used for deportation.,FALSE
Viral Graphic Showing India Today Survey On 2025 Delhi Elections Is Fake,https://newschecker.in/election-watch/viral-graphic-showing-india-today-survey-on-2025-delhi-elections-is-fake,https://newschecker.dietpixels.net/2025/02/Rating-2025-02-04T164806.982.jpg?quality=71&format=webp&w=1920,Vasudha Beri,"February 4, 2025","Several social media users shared an alleged India Today pre-poll survey predicting the BJP's victory in the 2025 Delhi Elections. Newschecker, however, fou....",TRUE
Got Scammed Online? Here’s What You Can Do,https://newschecker.in/scam-watch/got-scammed-online-heres-what-you-can-do,https://newschecker.dietpixels.net/2025/02/Rating-2025-02-04T161848.109.jpg?quality=71&format=webp&w=1920,Vasudha Beri,"February 4, 2025","‘Victim, placed under digital arrest, loses crores,’ ‘person falls prey to trading scams,’ ‘social media user duped by deepfakes of business moguls’ - news p...",TRUE
Old Hoax About ‘Strawberry Quick’ Meth Resurfaces,https://newschecker.in/fact-check/old-hoax-about-strawberry-quick-meth-resurfaces,https://newschecker.dietpixels.net/2025/02/Kushel-One-Rating-Article-Thumbnails-New-Brand-2.jpg?quality=71&format=webp&w=1920,Kushel Madhusoodan,"February 4, 2025",Viral messages found to be a hoax that first surfaced in the US in 2007; viral image found to be a stock picture,TRUE
Viral Video Does Not Show Police Thrashing Man For Pelting Stones At Train Carrying Mahakumbh Devotees,https://newschecker.in/fact-check/viral-video-does-not-show-police-thrashing-man-for-pelting-stones-at-train-carrying-mahakumbh-devotees,https://newschecker.dietpixels.net/2025/02/Rating-2025-02-03T184953.582.jpg?quality=71&format=webp&w=1920,Vasudha Beri,"February 3, 2025",Several social media users shared a video claiming to show police personnel thrashing a man for pelting stones at train en route Prayagraj for Mahakumbh. New...,FALSE
Delhi Elections 2025: Did ABP News Opinion Poll Predict Victory For BJP?,https://newschecker.in/election-watch/delhi-elections-2025-did-abp-news-opinion-poll-predict-victory-for-bjp,https://newschecker.dietpixels.net/2025/02/Rating-2025-02-03T165912.703.jpg?quality=71&format=webp&w=1920,Vasudha Beri,"February 3, 2025","An alleged ABP News Opinion Poll predicting a massive win for the BJP in the upcoming Delhi Elections has surfaced online. However, the outlet has clarified....",FALSE
Union Budget 2025: Old Video Of Nirmala Sitharaman Interacting With Metro Commuter Shared As Recent,https://newschecker.in/fact-check/union-budget-2025-old-video-of-nirmala-sitharaman-interacting-with-metro-commuter-shared-as-recent,https://newschecker.dietpixels.net/2025/02/Kushel-One-Rating-Article-Thumbnails-New-Brand-1.jpg?quality=71&format=webp&w=1920,Kushel Madhusoodan,"February 3, 2025","A commuter greets Union finance minister Nirmala Sitharaman aboard a Metro train, says she is a huge fan. Sitharaman presented her eighth consecutive Union",FALSE
Union Budget 2025: Viral Photo Showing CEC With Nirmala Sitharaman Is From 2020 When He Was Finance Secretary,https://newschecker.in/fact-check/union-budget-2025-viral-photo-showing-cec-with-nirmala-sitharaman-is-from-2020-when-he-was-finance-secretary,https://newschecker.dietpixels.net/2025/02/Kushel-One-Rating-Article-Thumbnails-New-Brand.jpg?quality=71&format=webp&w=1920,Kushel Madhusoodan,"February 3, 2025","Rajiv Kumar, chief election commissioner of India, seen with Union finance minister Nirmala Sitharaman and her team following Sitharaman unveiling her eighth",FALSE
"Weekly Wrap: Misinformation On Mahakumbh, Delhi Elections & More",https://newschecker.in/fact-check/weekly-wrap-misinformation-on-mahakumbh-delhi-elections-more,https://newschecker.dietpixels.net/2025/02/Rating-2025-02-01T152409.756.jpg?quality=71&format=webp&w=1920,Newschecker Team,"February 1, 2025",From an AI generated video purportedly showing Prime Minister Narendra Modi’s official...,FALSE
Viral Photo Of Dhirendra Shastri’s Letter ‘Predicting’ Mahakumbh Stampede Is AI Generated,https://newschecker.in/ai-deepfake/viral-photo-of-dhirendra-shastris-letter-predicting-mahakumbh-stampede-is-ai-generated,https://newschecker.dietpixels.net/2025/01/Rating-2025-01-31T174933.902.jpg?quality=71&format=webp&w=1920,Vasudha Beri,"January 31, 2025",Several social media users shared a photo purportedly showing Bageshwar Dham Chief Dhirendra Shastri's letter predicting the Mahakumbh stampede. Newschecker....,FALSE
Does This Photo Show Jawaharlal Nehru Taking a Holy Dip In 1954 Kumbh?,https://newschecker.in/fact-check/does-this-photo-show-jawaharlal-nehru-taking-a-holy-dip-in-1954-kumbh,https://newschecker.dietpixels.net/2025/01/Rating-2025-01-31T172443.118.jpg?quality=71&format=webp&w=1920,Vasudha Beri,"January 31, 2025","Several social media users shared a photograph purportedly showing Jawaharlal Nehru taking a holy dip during the 1954 Kumbh. Newschecker, however, found the....",FALSE
Meloni Says No To Headscarf During Saudi Visit? Here’s What We Learnt,https://newschecker.in/daily-reads/meloni-says-no-to-headscarf-during-saudi-visit-heres-what-we-learnt,https://newschecker.dietpixels.net/2025/01/Kushel-One-Rating-Article-Thumbnails-New-Brand-24.jpg?quality=71&format=webp&w=1920,Kushel Madhusoodan,"January 31, 2025",A 1-minute 34-second video showing Italian PM Giorgia Meloni greeting Saudi Arabia crown prince Mohammed Bin Salman and other government officials during a,FALSE
Mahakumbh 2025: Old Video Of SP Leader Dimple Yadav Taking A Dip In The Ganga Shared As Recent,https://newschecker.in/fact-check/mahakumbh-2025-old-video-of-sp-leader-dimple-yadav-taking-a-dip-in-the-ganga-shared-as-recent,https://newschecker.dietpixels.net/2025/01/Kushel-One-Rating-Article-Thumbnails-New-Brand-23.jpg?quality=71&format=webp&w=1920,Kushel Madhusoodan,"January 30, 2025","Video of Samajwadi Party (SP) MP Dimple Yadav taking a holy dip at the Sangam during the 2025 Mahakumbh Mela, which is underway in Prayagraj.",FALSE
Man Walks From Switzerland to Prayagraj For Mahakumbh? Here’s The Truth Behind Viral Video,https://newschecker.in/fact-check/man-walks-from-switzerland-to-prayagraj-for-mahakumbh-heres-the-truth-behind-viral-video,https://newschecker.dietpixels.net/2025/01/Rating-2025-01-30T164411.142.jpg?quality=71&format=webp&w=1920,Vasudha Beri,"January 30, 2025","Several social media users shared a video claiming to show a man who walked from Switzerland to Prayagraj to witness the Mahakumbh mela. Newschecker, however...",FALSE
AI-Generated Images Of Cricketer Rinku Singh With Suhana Khan Shared As Real,https://newschecker.in/ai-deepfake/ai-generated-images-of-cricketer-rinku-singh-with-suhana-khan-shared-as-real,https://newschecker.dietpixels.net/2025/01/Kushel-One-Rating-Article-Thumbnails-New-Brand-22.jpg?quality=71&format=webp&w=1920,Kushel Madhusoodan,"January 30, 2025","Photos of Indian cricketer Rinku Singh with Shah Rukh Khan’s daughter, actor Suhana Khan, on a beach.",FALSE
Viral Photo Of Saif Ali Khan Giving A Bag Full Of Cash To Auto Driver Is Edited,https://newschecker.in/entertainment-fact-check/viral-photo-of-saif-ali-khan-giving-a-bag-full-of-cash-to-auto-driver-is-edited,https://newschecker.dietpixels.net/2025/01/Rating-2025-01-29T162823.518.jpg?quality=71&format=webp&w=1920,Vasudha Beri,"January 29, 2025",Several social media users shared a photo purportedly showing actor Saif Ali Khan giving a bag full of cash to the auto driver who took him to the hospital.....,FALSE
Does AAP Video Show PM Modi’s Official Residence? Viral Clip Is AI-Generated,https://newschecker.in/ai-deepfake/does-aap-video-show-pm-modis-official-residence-viral-clip-is-ai-generated,https://newschecker.dietpixels.net/2025/01/Kushel-One-Rating-Article-Thumbnails-New-Brand-21.jpg?quality=71&format=webp&w=1920,Kushel Madhusoodan,"January 29, 2025",Video is AI-generated.,FALSE
AI-Generated Image Of Prakash Raj At Mahakumbh Goes Viral,https://newschecker.in/ai-deepfake/ai-generated-image-of-prakash-raj-at-mahakumbh-goes-viral,https://newschecker.dietpixels.net/2025/01/Kushel-One-Rating-Article-Thumbnails-New-Brand-20.jpg?quality=71&format=webp&w=1920,Kushel Madhusoodan,"January 28, 2025","Photo of actor and fierce BJP critic Prakash Raj taking a holy dip at the Sangam — the confluence of the Ganga, Yamuna, and Saraswati rivers — during the",FALSE
"Delhi Polls 2025: Saurabh Bharadwaj’s On stage Interaction With Siri Backfired? No, Viral Video Is Edited",https://newschecker.in/election-watch/delhi-polls-2025-saurabh-bharadwajs-on-stage-interaction-with-siri-backfired-viral-video-is-edited,https://newschecker.dietpixels.net/2025/01/Rating-2025-01-28T161730.887.jpg?quality=71&format=webp&w=1920,Vasudha Beri,"January 28, 2025","Ahead of the Delhi Polls, a video purportedly showing AAP MLA Saurabh Bharadwaj’s on stage interaction with Siri is being widely shared on social media platf...",FALSE
US Halts Aid To India? Viral Govt Notice Shared Out Of Context,https://newschecker.in/fact-check/us-halts-aid-to-india-viral-govt-notice-shared-out-of-context,https://newschecker.dietpixels.net/2025/01/Kushel-One-Rating-Article-Thumbnails-New-Brand-19.jpg?quality=71&format=webp&w=1920,Kushel Madhusoodan,"January 28, 2025","US has paused all foreign aid, barring Egypt and Israel, upon review of American financial assistance to other countries.",FALSE
Republic Day 2025: Viral Photo Of Karnataka Tableau Featuring Tipu Sultan Is From 2014,https://newschecker.in/fact-check/republic-day-2025-viral-photo-of-karnataka-tableau-featuring-tipu-sultan-is-from-2014,https://newschecker.dietpixels.net/2025/01/Rating-2025-01-27T142525.936.jpg?quality=71&format=webp&w=1920,Vasudha Beri,"January 27, 2025","Several social media users shared a photo showing Karnataka tableau featuring Tipu Sultan during the Republic Day parade. Newschecker, however, found that th...",FALSE
"Weekly Wrap: Misinformation Around Mahakumbh Mela, Donald Trump’s Inauguration And More",https://newschecker.in/fact-check/weekly-wrap-misinformation-around-mahakumbh-mela-donald-trumps-inauguration-and-more,https://newschecker.dietpixels.net/2025/01/Kushel-One-Rating-Article-Thumbnails-New-Brand-18.jpg?quality=71&format=webp&w=1920,Newschecker Team,"January 25, 2025","From misinformation around the Mahakumbh Mela, which is currently underway in Prayagraj, to the inauguration of Donald Trump as the 47th president of the",FALSE
Video From China Shared As Train On Haridwar-Karnaprayag Railway Route,https://newschecker.in/fact-check/video-from-china-shared-as-train-on-haridwar-karnaprayag-railway-route,https://newschecker.dietpixels.net/2025/01/Rating-2025-01-25T142709.722.jpg?quality=71&format=webp&w=1920,Vasudha Beri,"January 25, 2025","Several social media users shared a video claiming to show a train passing through the Haridwar- Karnaprayag railway route. Newschecker, however, found the c...",FALSE
Sewer-Cleaning Robot Developed In India Falsely Shared As Chinese Tech,https://newschecker.in/fact-check/sewer-cleaning-robot-developed-in-india-falsely-shared-as-chinese-tech,https://newschecker.dietpixels.net/2025/01/Kushel-One-Rating-Article-Thumbnails-New-Brand-17.jpg?quality=71&format=webp&w=1920,Kushel Madhusoodan,"January 25, 2025","Image of robot being used to clean a sewer in China, in comparison to the practice of manual scavenging in India.",TRUE
Terrorist Disguised As A Monk Arrested From Mahakumbh? Here’s The Truth Behind Viral Photo,https://newschecker.in/ai-deepfake/terrorist-disguised-as-a-monk-arrested-from-mahakumbh-heres-the-truth-behind-viral-photo,https://newschecker.dietpixels.net/2025/01/Rating-2025-01-24T192016.440.jpg?quality=71&format=webp&w=1920,Vasudha Beri,"January 24, 2025","Several social media users shared a photo alleging that a Ayub Khan, a terrorist disguised as a monk was arrested from the Mahakumbh mela. Newschecker, howev...",FALSE
Old Video From Kuwait Falsely Shared As Muslim House Help Mixing Urine Into Hindu Employer’s Drink,https://newschecker.in/fact-check/old-video-from-kuwait-falsely-shared-as-muslim-house-help-mixing-urine-into-hindu-employers-drink,https://newschecker.dietpixels.net/2025/01/Kushel-One-Rating-Article-Thumbnails-New-Brand-16.jpg?quality=71&format=webp&w=1920,Kushel Madhusoodan,"January 24, 2025",Video is old and from Kuwait.,TRUE
"Canadian MP Spoke In Kannada After Filing Nomination For PM’s Office? No, Viral Video Is Old",https://newschecker.in/fact-check/canadian-mp-spoke-in-kannada-after-filing-nomination-for-pms-office-no-viral-video-is-old,https://newschecker.dietpixels.net/2025/01/Rating-2025-01-23T151515.748.jpg?quality=71&format=webp&w=1920,Ishwarachandra B G,"January 23, 2025",Several social media users shared a video of Chandra Arya claiming that the India-origin Canadian MP spoke in Kannada after filing the nomination for the Pri...,FALSE
SC Ruling Renders Waqf Properties Invalid? Viral Screenshot Of Article Shared With False Claim,https://newschecker.in/fact-check/sc-ruling-renders-waqf-properties-invalid-viral-screenshot-of-article-shared-with-false-claim,https://newschecker.dietpixels.net/2025/01/Kushel-One-Rating-Article-Thumbnails-New-Brand-1-2.jpg?quality=71&format=webp&w=1920,Kushel Madhusoodan,"January 23, 2025",The case mentioned in the viral claim has no link to Waqf properties or its related laws. The case pertains to a private dispute.,TRUE
"Was EAM S Jaishankar Asked To Leave From Trump’s Inauguration? No, Video Viral With False Claim",https://newschecker.in/fact-check/was-eam-s-jaishankar-asked-to-leave-from-trumps-inauguration-no-video-viral-with-false-claim,https://newschecker.dietpixels.net/2025/01/Rating-2025-01-22T183739.755.jpg?quality=71&format=webp&w=1920,Vasudha Beri,"January 22, 2025","Several social media alleged that EAM S Jaishankar was asked to leave Donald Trump's inauguration ceremony. However, Newschecker found the claim to be untrue...",TRUE
Old Video Of Immigrants Barging Towards Mexico-US Border Shared As Recent,https://newschecker.in/fact-check/old-video-of-immigrants-barging-towards-mexico-us-border-shared-as-recent,https://newschecker.dietpixels.net/2025/01/Rating-2025-01-22T171645.227.jpg?quality=71&format=webp&w=1920,Vasudha Beri,"January 22, 2025",Viral video showing immigrants barging towards Mexico-US border is old.,FALSE
"Old, Unrelated Video Shared To Allege Jewellery Theft at Mahakumbh",https://newschecker.in/fact-check/old-unrelated-video-shared-to-allege-jewellery-theft-at-mahakumbh,https://newschecker.dietpixels.net/2025/01/Rating-2025-01-22T164202.118.jpg?quality=71&format=webp&w=1920,Vasudha Beri,"January 22, 2025","Several social media users shared a 15 seconds video claiming to show a woman alleging a jewellery theft at Mahakumbh. Newschecker, however, found that the.....",FALSE
"Viral Image Shows Pakistani Man, Not Indian, Held For Molesting Japanese Schoolgirl",https://newschecker.in/fact-check/viral-image-shows-pakistani-man-not-indian-held-for-molesting-japanese-schoolgirl,https://newschecker.dietpixels.net/2025/01/Kushel-One-Rating-Article-Thumbnails-New-Brand-14.jpg?quality=71&format=webp&w=1920,Kushel Madhusoodan,"January 22, 2025","We then ran a reverse image search, which led us to this X post, dated September 14, 2024, stating that a Pakistani man Afzal Muhammad, 31, was arrested in",FALSE
AI-Generated Images Shared As Real ‘Unseen’ Photos Of Indira Gandhi,https://newschecker.in/ai-deepfake/ai-generated-images-shared-as-real-unseen-photos-of-indira-gandhi,https://newschecker.dietpixels.net/2025/01/Kushel-One-Rating-Article-Thumbnails-New-Brand-15.jpg?quality=71&format=webp&w=1920,Kushel Madhusoodan,"January 21, 2025",Viral images are AI-generated and were posted on a social network for artists in 2023.,FALSE
Having Black Coffee On An Empty Stomach Harmful For Your Gut? Here’s What The Experts Say,https://newschecker.in/influencer-watch/having-black-coffee-on-an-empty-stomach-harmful-for-your-gut-heres-what-the-experts-say,https://newschecker.dietpixels.net/2025/01/Kushel-One-Rating-Article-Thumbnails-New-Brand-11.jpg?quality=71&format=webp&w=1920,Kushel Madhusoodan,"January 21, 2025","Black coffee, a simple beverage that has been the go-to brew enjoyed by millions worldwide to kick-start their day, recently found itself in the middle of a",FALSE
Viral Photos Of Salman Khan Meeting Saif Ali Khan At Hospital Are AI-Generated,https://newschecker.in/ai-deepfake/viral-photos-of-salman-khan-meeting-saif-ali-khan-at-hospital-are-ai-generated,https://newschecker.dietpixels.net/2025/01/Rating-2025-01-20T173636.330.jpg?quality=71&format=webp&w=1920,Vasudha Beri,"January 20, 2025",Several social media users shared photographs with a claim to show Salman Khan meeting Saif Ali Khan at the hospital where the later was admitted following.....,FALSE
Old Photo Of Saif Ali Khan From Movie Shoot Shared To Show Him Wounded After Recent Attack,https://newschecker.in/fact-check/old-photo-of-saif-ali-khan-shared-to-show-him-wounded-after-recent-attack,https://newschecker.dietpixels.net/2025/01/Rating-2025-01-20T163411.522.jpg?quality=71&format=webp&w=1920,Vasudha Beri,"January 20, 2025","A photo of Saif Ali Khan has surfaced on social media platforms, with users linking it to the recent knife attack on the actor. Newschecker, however, found t...",FALSE
"Weekly Wrap: Misinformation On Mahakumbh 2025, California Wildfires & More",https://newschecker.in/fact-check/weekly-wrap-misinformation-on-mahakumbh-2025-california-wildfires-more,https://newschecker.dietpixels.net/2025/01/Rating-2025-01-17T215304.398.jpg?quality=71&format=webp&w=1920,Newschecker Team,"January 18, 2025","From misinformation about the Los Angeles wildfires to false claims of a Muslim youth urinating on posters showing Hindu deities, read our top fact checks fr...",TRUE
Mahakumbh 2025: Man Makes World Record By Blowing Conch For Over 2 Minutes? Know Truth Here,https://newschecker.in/fact-check/viral-video-of-man-blowing-conch-for-over-2-minutes-is-not-from-mahakumbh,https://newschecker.dietpixels.net/2025/01/Rating-2025-01-17T145752.282.jpg?quality=71&format=webp&w=1920,Vasudha Beri,"January 17, 2025","Several social media users, including verified handles, shared a video claiming to show a man blowing conch for over 2 minutes at Mahakumbh. Newschecker, ho....",FALSE
"Black Ink Banned On Cheques? No, Fake TOI Report On Alleged RBI Move Goes Viral",https://newschecker.in/fact-check/black-ink-banned-on-cheques-no-fake-toi-report-on-alleged-rbi-move-goes-viral,https://newschecker.dietpixels.net/2025/01/Kushel-One-Rating-Article-Thumbnails-New-Brand-10.jpg?quality=71&format=webp&w=1920,Kushel Madhusoodan,"January 17, 2025","The RBI has announced that cheques written in black ink will no longer be accepted, in a move purportedly aimed at enhancing security features and preventing",TRUE
Viral Image Claiming To Show A Church That Survived California Wildfires Is AI-Generated,https://newschecker.in/fact-check/viral-image-claiming-to-show-a-church-that-survived-california-wildfires-is-ai-generated,https://newschecker.dietpixels.net/2025/01/Kushel-One-Rating-Article-Thumbnails-New-Brand-9.jpg?quality=71&format=webp&w=1920,Kushel Madhusoodan,"January 16, 2025",Image shows a church that survived California wildfires.,FALSE
Video Of Drunk Man Being Thrashed For Urinating On Mahakumbh Poster Viral With False Communal Claim,https://newschecker.in/fact-check/video-of-drunk-man-being-thrashed-for-urinating-on-mahakumbh-poster-viral-with-false-communal-claim,https://newschecker.dietpixels.net/2025/01/Kushel-One-Rating-Article-Thumbnails-New-Brand-8.jpg?quality=71&format=webp&w=1920,Kushel Madhusoodan,"January 16, 2025","ClaimMuslim man thrashed by angry crowd for urinating on Mahakumbh poster in Raebareli, UP.",TRUE
Did Taylor Swift Call LA Wildfires A ‘Divine Retribution’ For US’ Aid To Israel? Here’s The Truth Behind Viral Video,https://newschecker.in/ai-deepfake/did-taylor-swift-call-la-wildfires-a-divine-retribution-for-us-aid-to-israel-heres-the-truth-behind-viral-video,https://newschecker.dietpixels.net/2025/01/Rating-2025-01-15T162303.726.jpg?quality=71&format=webp&w=1920,Vasudha Beri,"January 15, 2025",Several social media users alleged that American singer Taylor Swift called LA wildfires a 'divine retribution' for the US' aid to Israel in the war against....,FALSE
Zuckerberg Off The Mark: Union Minister Ashwini Vaishnaw Calls Out Meta Chief’s Claim On 2024 Lok Sabha Poll Results,https://newschecker.in/daily-reads/zuckerberg-off-the-mark-union-minister-ashwini-vaishnaw-calls-out-meta-chiefs-claim-on-2024-lok-sabha-poll-results,https://newschecker.dietpixels.net/2025/01/Kushel-One-Rating-Article-Thumbnails-New-Brand-1-1.jpg?quality=71&format=webp&w=1920,Vasudha Beri,"January 14, 2025","Union minister of Railways, Information & Broadcasting, Electronics, and Information Technology Ashwini Vaishnaw on Monday (January 13)  took to X to",FALSE
Old Video From Chile Shared As Firefighting Plane Crashing In Los Angeles,https://newschecker.in/fact-check/old-video-from-chile-shared-as-firefighting-plane-crashing-in-los-angeles,https://newschecker.dietpixels.net/2025/01/Rating-2025-01-13T172500.444.jpg?quality=71&format=webp&w=1920,Vasudha Beri,"January 13, 2025",A video purportedly showing a firefighting plane exploding after crashing to the ground while tackling the wildfires in Los Angeles has gone viral on social....,FALSE
Mosque Survived Los Angeles Wildfires Unscathed? Here’s The Truth Behind Viral Photo,https://newschecker.in/fact-check/mosque-survived-los-angeles-wildfires-unscathed-heres-the-truth,https://newschecker.dietpixels.net/2025/01/Rating-2025-01-13T171636.038.jpg?quality=71&format=webp&w=1920,Vasudha Beri,"January 13, 2025",A photo purportedly showing a mosque that remained unscathed by Los Angeles wildfires even as the landscape around it was consumed by the blaze has surfaced....,FALSE
California Wildfires: ‘Indian Hindu’ Caught Attempting To Start Blaze In LA Neighbourhood? Video Viral With False Claim,https://newschecker.in/fact-check/california-wildfires-indian-hindu-caught-attempting-to-start-fire-in-la-neighbourhood-video-viral-with-false-claim,https://newschecker.dietpixels.net/2025/01/Kushel-One-Rating-Article-Thumbnails-New-Brand-7.jpg?quality=71&format=webp&w=1920,Kushel Madhusoodan,"January 13, 2025","Claim is false, suspect identified as Mexican national Juan Manuel Sierra-Leyva.",TRUE
"Weekly Wrap: Misinformation On Tirupati Temple Stampede, Dhanashree Verma & More",https://newschecker.in/fact-check/weekly-wrap-misinformation-on-tirupati-temple-stampede-dhanashree-verma-more,https://newschecker.dietpixels.net/2025/01/Rating-2025-01-11T154105.934.jpg?quality=71&format=webp&w=1920,Newschecker Team,"January 11, 2025",From an old video of a man carrying his son’s body on a motorcycle being falsely linked to the recent Tirupati temple stampede to AI-generated photos of Dhan...,TRUE
AI-Generated Photos Of Shreyas Iyer With Dhanashree Verma Go Viral,https://newschecker.in/ai-deepfake/ai-generated-photos-of-shreyas-iyer-with-dhanashree-verma-go-viral,https://newschecker.dietpixels.net/2025/01/Kushel-One-Rating-Article-Thumbnails-New-Brand-6.jpg?quality=71&format=webp&w=1920,Kushel Madhusoodan,"January 10, 2025","Photos of Indian cricketer Shreyas Iyer with choreographer Dhanashree Verma in a swimming pool, amid reports of Verma and her husband, cricketer Yuzvendra",FALSE
Viral ‘Leaked Photo’ Claiming To Expose PM Modi’s Residence Is AI-Generated,https://newschecker.in/ai-deepfake/viral-leaked-photo-claiming-to-expose-pm-modis-residence-is-ai-generated,https://newschecker.dietpixels.net/2025/01/Rating-2025-01-10T171107.699.jpg?quality=71&format=webp&w=1920,Vasudha Beri,"January 10, 2025","Several social media users shared a photo allegedly showing PM Modi's residence. Newschecker, however, found that the photo was generated using AI...",FALSE
Narayana Murthy Advocated Limited Interaction Between Girls & Boys? Here’s The Truth Behind Viral ‘Report’,https://newschecker.in/fact-check/narayana-murthy-advocated-limited-interaction-between-girls-boys-heres-the-truth,https://newschecker.dietpixels.net/2025/01/Rating-2025-01-09T164724.095.jpg?quality=71&format=webp&w=1920,Vasudha Beri,"January 9, 2025",Several social media users shared a screengrab of an alleged report stating that Infosys founder Narayana Murthy advocated limited interaction between girls....,FALSE
2022 Video Of Man Carrying Son’s Body On Bike Falsely Linked To Tirupati Temple Stampede,https://newschecker.in/fact-check/2022-video-of-man-carrying-sons-body-on-bike-falsely-linked-to-tirupati-temple-stampede,https://newschecker.dietpixels.net/2025/01/Kushel-One-Rating-Article-Thumbnails-New-Brand-4.jpg?quality=71&format=webp&w=1920,Kushel Madhusoodan,"January 9, 2025","Video dates back to April 2022, when a man from Tirupati was forced to carry his son's body on a two-wheeler after the ambulance drivers at the Sri Venkateswara Ramnarayan Ruia Government General (RUIA) hospital allegedly demanded a huge amount from him.",TRUE
2013 Photo From Bihar Falsely Shared As Delhi Govt School Classroom,https://newschecker.in/election-watch/2013-photo-from-bihar-falsely-shared-as-delhi-govt-school-classroom,https://newschecker.dietpixels.net/2025/01/Kushel-One-Rating-Article-Thumbnails-New-Brand-3.jpg?quality=71&format=webp&w=1920,Kushel Madhusoodan,"January 8, 2025",A photo of a run-down classroom in a Delhi government school. ,TRUE
"Old, Unrelated Visuals Falsely Linked To Recent Earthquake In Tibet",https://newschecker.in/fact-check/old-unrelated-visuals-falsely-linked-to-recent-earthquake-in-tibet,https://newschecker.dietpixels.net/2025/01/Rating-2025-01-08T173259.358.jpg?quality=71&format=webp&w=1920,Vasudha Beri,"January 8, 2025",Several social media users shared visuals claiming to show the impact of the recent earthquake in Tibet. Newschecker investigated three such visuals and foun...,TRUE
Canadians Celebrating Justin Trudeau’s Resignation? Here’s The Truth Behind Viral Videos,https://newschecker.in/ai-deepfake/canadians-celebrating-justin-trudeaus-resignation-heres-the-truth-behind-viral-videos,https://newschecker.dietpixels.net/2025/01/Rating-2025-01-07T172815.263.jpg?quality=71&format=webp&w=1920,Vasudha Beri,"January 7, 2025",Several social media users shared videos claiming to show the Canadians celebrating Justin Trudeau’s resignation. Newschecker investigated two such videos......,FALSE
AI-Generated Photo of Shah Rukh Khan and Gauri Khan in Mecca Goes Viral,https://newschecker.in/ai-deepfake/ai-generated-photo-of-shah-rukh-khan-and-gauri-khan,https://newschecker.dietpixels.net/2025/01/sharukh-thumpnail.png?quality=71&format=webp&w=1920,Sabloo Thomas,"January 7, 2025",ClaimPhoto of Shah Rukh Khan and Gauri Khan in Mecca.FactPhoto found to be AI-generated.,FALSE
Viral Video Falsely Accuses Indian Man of Sexual Assault in US Store; Actual Offender Identified as American,https://newschecker.in/fact-check/viral-video-falsely-accuses-indian-man-of-sexual-assault-in-us-store-actual-offender-identified-as-american,https://newschecker.dietpixels.net/2025/01/Kushel-One-Rating-Article-Thumbnails-New-Brand-2.jpg?quality=71&format=webp&w=1920,Kushel Madhusoodan,"January 6, 2025","A video circulating on social media alleges that an Indian tourist, Kanti Lal, indecently assaulted a woman inside a Dollar Tree store in Philadelphia and was",TRUE
Did the Gandhi Family Visit Vietnam Days After Manmohan Singh’s Death?,https://newschecker.in/fact-check/did-the-gandhi-family-visit-vietnam-days-after-manmohan-singhs-death,https://newschecker.dietpixels.net/2025/01/Rating-2025-01-06T192504.400.jpg?quality=71&format=webp&w=1920,Vasudha Beri,"January 6, 2025",Several social media users shared a photograph allegedly showing the Gandhi family in Vietnam just days after former Indian PM Manmohan Singh's death. Newsch...,FALSE
AI-Generated Video Of Elon Musk Getting A Haircut From A Robot Goes Viral,https://newschecker.in/ai-deepfake/video-of-elon-musk-getting-a-haircut-from-a-robot-is-ai-generated,https://newschecker.dietpixels.net/2025/01/thumpnail-hair-1.png?quality=71&format=webp&w=1920,Sabloo Thomas,"January 6, 2025",Fact Cjheck: AI-Generated Video Of Elon Musk Getting A Haircut From A Robot Goes Viral,FALSE
"Weekly Wrap: Misinformation On Manmohan Singh, Donald Trump & More",https://newschecker.in/fact-check/weekly-wrap-misinformation-on-manmohan-singh-donald-trump-more,https://newschecker.dietpixels.net/2025/01/Rating-2025-01-04T144759.063.jpg?quality=71&format=webp&w=1920,Newschecker Team,"January 4, 2025",From false claims that the Gandhi family did not attend the funeral procession of former Prime Minister Manmohan Singh in Delhi to an old video of US Presid....,TRUE
Delhi Polls: Did Arvind Kejriwal Say That He Is Not Cleaning Yamuna As It Will Not Get Him Any Votes?,https://newschecker.in/election-watch/did-arvind-kejriwal-say-that-he-is-not-cleaning-yamuna-as-it-will-not-get-him-any-votes,https://newschecker.dietpixels.net/2025/01/Rating-2025-01-03T183007.642.jpg?quality=71&format=webp&w=1920,Vasudha Beri,"January 3, 2025","Several social media users shred video purportedly showing Arvind Kejriwal said that he is not cleaning Yamuna as it will not get him any votes. However, the...",FALSE
"India Tops In Open Defecation? No, Here’s The Truth Behind Viral Infographic",https://newschecker.in/fact-check/india-tops-in-open-defecation-no-heres-the-truth-behind-viral-infographic,https://newschecker.dietpixels.net/2025/01/Kushel-One-Rating-Article-Thumbnails-New-Brand-1.jpg?quality=71&format=webp&w=1920,Kushel Madhusoodan,"January 3, 2025",The viral infographic is found to be fabricated.,FALSE
Donald Trump’s Latest Statement On H-1B Visa Debate? Viral Video Is Old,https://newschecker.in/fact-check/donald-trumps-latest-statement-on-h-1b-visa-debate-viral-video-is-old,https://newschecker.dietpixels.net/2025/01/Kushel-One-Rating-Article-Thumbnails-New-Brand.jpg?quality=71&format=webp&w=1920,Kushel Madhusoodan,"January 2, 2025",ClaimUS president-elect Donald Trump endorses H-1B visa programme in recent video statement.,FALSE
Are These Scenes From A Christian Procession In Punjab?,https://newschecker.in/fact-check/are-these-scenes-from-a-christian-procession-in-punjab,https://newschecker.dietpixels.net/2025/01/Rating-2025-01-02T153951.956.jpg?quality=71&format=webp&w=1920,Vasudha Beri,"January 2, 2025","Several social media users shared a video claiming to show a Christian procession in Punjab. Newschecker, however, found the claim to be untrue. The video is...",FALSE
